{"cameraMode":{"drawMode":0,"name":"Shaded","section":"Shading Mode"},"sceneLighting":true,"audioPlay":false,"sceneViewState":{"showFog":true,"showMaterialUpdate":false,"showSkybox":true,"showFlares":true,"showImageEffects":true,"showParticleSystems":true},"in2DMode":false,"pivot":{"x":-0.3479810357093811,"y":-0.08242177963256836,"z":1.5074957609176636},"rotation":{"x":-0.36610445380210879,"y":0.09377311170101166,"z":-0.03736566752195358,"w":-0.9252265691757202},"size":1.2622106075286866,"orthographic":false}